verticalDisplacement,NewLat,NewLon,DateString
0,39.3621135093697,16.2279031890971,04-May-2017 17:24:05
0,39.3620770187394,16.2278703781942,04-May-2017 17:24:05
0,39.3620405281091,16.2278375672912,04-May-2017 17:24:05
0,39.3620040374788,16.2278047563883,04-May-2017 17:24:05
0,39.3619675468485,16.2277719454854,04-May-2017 17:24:05
0,39.3619310562182,16.2277391345825,04-May-2017 17:24:05
0,39.3618945655879,16.2277063236795,04-May-2017 17:24:05
0,39.3618580749577,16.2276735127766,04-May-2017 17:24:05
0,39.3618215843274,16.2276407018737,04-May-2017 17:24:05
0,39.3617850936971,16.2276078909708,04-May-2017 17:24:05
0,39.3617486030668,16.2275750800679,04-May-2017 17:24:05
0,39.3617121124365,16.2275422691649,04-May-2017 17:24:05
0,39.3616756218062,16.227509458262,04-May-2017 17:24:05
0,39.3616391311759,16.2274766473591,04-May-2017 17:24:05
0,39.3616026405456,16.2274438364562,04-May-2017 17:24:05
0,39.3615661499153,16.2274110255532,04-May-2017 17:24:05
0,39.361529659285,16.2273782146503,04-May-2017 17:24:05
0,39.3614931686547,16.2273454037474,04-May-2017 17:24:05
0,39.3614566780244,16.2273125928445,04-May-2017 17:24:05
0,39.3614201873941,16.2272797819415,04-May-2017 17:24:05
0,39.3613836967638,16.2272469710386,04-May-2017 17:24:05
0,39.3613472061335,16.2272141601357,04-May-2017 17:24:05
0,39.3613107155033,16.2271813492328,04-May-2017 17:24:05
0,39.361274224873,16.2271485383299,04-May-2017 17:24:05
0,39.3612377342427,16.2271157274269,04-May-2017 17:24:05
0,39.3612012436124,16.227082916524,04-May-2017 17:24:05
0,39.3611647529821,16.2270501056211,04-May-2017 17:24:05
4.1101906097006e-10,39.3611282623518,16.2270172947182,04-May-2017 17:24:05
2.76333708573054e-07,39.3610917717215,16.2269844838152,04-May-2017 17:24:05
1.44957615128207e-05,39.3610552810912,16.2269516729123,04-May-2017 17:24:05
5.2596456175034e-06,39.3610187904609,16.2269188620094,04-May-2017 17:24:05
0.000981092621685199,39.3609822998306,16.2268860511065,04-May-2017 17:24:05
0.0041863141829672,39.3609728695652,16.2268769891304,04-May-2017 17:24:05
0.0133436841219267,39.3610082608695,16.2269072092391,04-May-2017 17:24:05
0.00491796867224814,39.3610436521739,16.2269374293478,04-May-2017 17:24:05
0.0151686798145155,39.3610790434782,16.2269676494565,04-May-2017 17:24:05
0.00870388908931477,39.3611144347825,16.2269978695652,04-May-2017 17:24:05
0.00303209067057027,39.3611498260869,16.2270280896739,04-May-2017 17:24:05
0.0101968691172454,39.3611852173912,16.2270583097825,04-May-2017 17:24:05
0.0118024124408627,39.3612206086955,16.2270885298912,04-May-2017 17:24:05
0.0257855676639673,39.3612559999998,16.2271187499999,04-May-2017 17:24:05
0.00946836682270515,39.3612913913042,16.2271489701086,04-May-2017 17:24:05
0.0021292383720159,39.3613267826085,16.2271791902173,04-May-2017 17:24:05
0.00463269426740762,39.3613621739128,16.227209410326,04-May-2017 17:24:05
0.00493308421123757,39.3613975652172,16.2272396304346,04-May-2017 17:24:05
0.00603020053925432,39.3614329565215,16.2272698505433,04-May-2017 17:24:05
0.00383002714748751,39.3614683478258,16.227300070652,04-May-2017 17:24:05
0.00910181763679862,39.3615037391302,16.2273302907607,04-May-2017 17:24:05
-0.00111975468162093,39.3615391304345,16.2273605108694,04-May-2017 17:24:05
0.00175984087636033,39.3615745217388,16.2273907309781,04-May-2017 17:24:05
0.00656936926309625,39.3616099130431,16.2274209510867,04-May-2017 17:24:05
0.00940217837294323,39.3616453043475,16.2274511711954,04-May-2017 17:24:05
0.0231100331437339,39.3616806956518,16.2274813913041,04-May-2017 17:24:05
0.0089840001662741,39.3617160869561,16.2275116114128,04-May-2017 17:24:05
-0.00182209639303747,39.3617514782605,16.2275418315215,04-May-2017 17:24:05
0.000930443600278376,39.3617868695648,16.2275720516302,04-May-2017 17:24:05
0.00141749720277326,39.3618222608691,16.2276022717388,04-May-2017 17:24:05
0.0130179740481091,39.3618576521735,16.2276324918475,04-May-2017 17:24:05
0.0326448508877426,39.3618930434778,16.2276627119562,04-May-2017 17:24:05
0.0295562854466046,39.3619284347821,16.2276929320649,04-May-2017 17:24:06
0.0130821386905551,39.3619638260864,16.2277231521736,04-May-2017 17:24:06
0.0272343707967519,39.3619992173908,16.2277533722823,04-May-2017 17:24:06
0.0156818000035815,39.3620346086951,16.2277835923909,04-May-2017 17:24:06
0.0192969597788533,39.3620699999994,16.2278138124996,04-May-2017 17:24:06
0.00489379716874348,39.3621053913038,16.2278440326083,04-May-2017 17:24:06
0.00191966116604519,39.3621407826081,16.227874252717,04-May-2017 17:24:06
0.0031770327690238,39.3621682828283,16.2278413535354,04-May-2017 17:24:06
0.0012765569320086,39.3621640816326,16.2277881632653,04-May-2017 17:24:06
0.000634863149429945,39.3622072999999,16.22777504,04-May-2017 17:24:06
0.000935226556580202,39.3622512199998,16.2277751400001,04-May-2017 17:24:06
0.000995742959207462,39.3622946499999,16.22776183,04-May-2017 17:24:06
0.00159023217713188,39.3623307524751,16.2277301089109,04-May-2017 17:24:06
0.000926157614707483,39.3623534,16.22768018,04-May-2017 17:24:06
0.000641335349380383,39.3623582600001,16.22764174,04-May-2017 17:24:06
0.000258166629571363,39.3623487524754,16.2276237623763,04-May-2017 17:24:06
0.000960611592889438,39.3623207979797,16.2275797979798,04-May-2017 17:24:06
0.00231185670251625,39.3622835346535,16.2275484752476,04-May-2017 17:24:06
5.81257950593635e-06,39.3622426464644,16.2275245252525,04-May-2017 17:24:06
0.00409389197491843,39.36220412,16.2274950400001,04-May-2017 17:24:06
0.000997738497439265,39.3621686666667,16.2274605,04-May-2017 17:24:06
0.00237095349538963,39.3621260099009,16.2274426534654,04-May-2017 17:24:06
0.00379462771585227,39.3620835499999,16.22742405,04-May-2017 17:24:06
0.00105688616878371,39.3620401199999,16.22741104,04-May-2017 17:24:06
0.000388970690143711,39.3619961067961,16.2274021553398,04-May-2017 17:24:06
0.00184701547903734,39.3619524285714,16.2273891020408,04-May-2017 17:24:06
0.00421214177937414,39.36190866,16.22737872,04-May-2017 17:24:06
0.005406001736347,39.3618644400001,16.2273694799999,04-May-2017 17:24:06
0.00221824888422644,39.3618204600001,16.2273599400001,04-May-2017 17:24:06
0.007612144530155,39.3617772277228,16.2273474653465,04-May-2017 17:24:06
0.00588546021179957,39.3617345346534,16.2273308316831,04-May-2017 17:24:06
0.00406100821758447,39.361692255102,16.2273145612245,04-May-2017 17:24:06
0.00234907465539746,39.3616496938773,16.2272983265305,04-May-2017 17:24:06
0.00153814673747415,39.3616068316831,16.227283049505,04-May-2017 17:24:06
0.00128096914571777,39.3615631683166,16.2272699504951,04-May-2017 17:24:06
0.00123461722692306,39.3615190384614,16.2272593653847,04-May-2017 17:24:06
0.00216563645288746,39.3614750505051,16.2272499393939,04-May-2017 17:24:06
0.00199498328973479,39.3614312121214,16.2272405454545,04-May-2017 17:24:06
0.00235518488624407,39.3613869897959,16.2272334897959,04-May-2017 17:24:06
0.00114414461518481,39.3613427029703,16.2272314257426,04-May-2017 17:24:06
0.00519853973457541,39.3612982970297,16.2272365742575,04-May-2017 17:24:06
0.00134539395819512,39.3612538762885,16.2272388453609,04-May-2017 17:24:06
0.00189183926596806,39.36120927,16.22724026,04-May-2017 17:24:06
0.00339400526552354,39.3611662000002,16.2272556,04-May-2017 17:24:06
0.00317685781647622,39.3611241999999,16.2272748,04-May-2017 17:24:06
0.00400219383630737,39.3610845199997,16.2273020800001,04-May-2017 17:24:06
0.000445573982625086,39.3610447920792,16.227329049505,04-May-2017 17:24:06
0.00142658654589786,39.3610051485148,16.2273558217822,04-May-2017 17:24:06
0.00377960882557709,39.3609688,16.227388,04-May-2017 17:24:06
0.00200316358008468,39.3609327600001,16.22742245,04-May-2017 17:24:06
0.00127095860326735,39.3608972254901,16.2274573529412,04-May-2017 17:24:06
0.00464568554993005,39.3608621568626,16.2274919411765,04-May-2017 17:24:06
0.00102504257861526,39.360825909091,16.2275251818182,04-May-2017 17:24:06
0.00283942935830886,39.3607895454547,16.2275579090909,04-May-2017 17:24:06
0.00948824155818869,39.3607523989899,16.2275889292929,04-May-2017 17:24:06
0.00677381915261803,39.3607144292928,16.227619050505,04-May-2017 17:24:06
0.00321334597135464,39.3606764595958,16.227649171717,04-May-2017 17:24:06
0.00626912170762191,39.3606384898988,16.2276792929291,04-May-2017 17:24:06
0.0063849370432094,39.3606005202018,16.2277094141411,04-May-2017 17:24:06
0.00168300393853861,39.3605595151517,16.2277329797979,04-May-2017 17:24:06
0.00251527894076892,39.3605208514852,16.2277619306931,04-May-2017 17:24:06
0.00450997265910889,39.3604827920794,16.2277917029703,04-May-2017 17:24:06
0.00788235866745953,39.3604447326735,16.2278214752476,04-May-2017 17:24:06
0.000864487922692033,39.3604069207921,16.2278524158416,04-May-2017 17:24:06
0.000560302883508159,39.3603694950496,16.2278839009902,04-May-2017 17:24:06
0.00804850088766118,39.3603313663367,16.227914039604,04-May-2017 17:24:06
0.00767909396319055,39.36029308,16.22794267,04-May-2017 17:24:06
0.00318139297632399,39.3602535600001,16.22796919,04-May-2017 17:24:06
0.0029552200082696,39.3602128999999,16.22799127,04-May-2017 17:24:06
0.00301923467441447,39.3601696999998,16.2280071099999,04-May-2017 17:24:06
0.00240219572063823,39.3601264,16.22802174,04-May-2017 17:24:06
0.000227198449420975,39.3600831999998,16.22803362,04-May-2017 17:24:06
0.00249008258962134,39.36003990099,16.2280336831683,04-May-2017 17:24:06
0.00252712830852416,39.3599962376234,16.2280199603961,04-May-2017 17:24:06
0.00125821095485413,39.3599559,16.22799692,04-May-2017 17:24:06
0.00444989782332437,39.3599163000001,16.22797244,04-May-2017 17:24:06
0.00684515652678463,39.3598765656566,16.227947050505,04-May-2017 17:24:06
0.003310843229547,39.3598396464647,16.2279153434343,04-May-2017 17:24:06
0.0044659246985987,39.3598027272729,16.2278836363635,04-May-2017 17:24:06
0.00832083922141231,39.3597647959183,16.2278524591836,04-May-2017 17:24:06
0.00618828765368847,39.3597272448977,16.2278219489795,04-May-2017 17:24:06
0.00239433321137046,39.35968935,16.22779256,04-May-2017 17:24:06
0.00355882406971656,39.35965135,16.2277637600001,04-May-2017 17:24:06
0.00175631641468799,39.3596127722772,16.2277346534653,04-May-2017 17:24:06
0.00278117851281883,39.3595737425742,16.2277057821782,04-May-2017 17:24:06
0.00326315818662695,39.3595348019802,16.227676970297,04-May-2017 17:24:06
0.00186755349289449,39.359495920792,16.2276481881187,04-May-2017 17:24:06
0.00202645220043396,39.3594573267327,16.2276196534654,04-May-2017 17:24:06
0.00459634347758167,39.3594185148516,16.2275910297031,04-May-2017 17:24:06
0.00304084282674578,39.3593788,16.22756622,04-May-2017 17:24:06
0.00946167678039509,39.3593355999998,16.2275516399999,04-May-2017 17:24:06
0.00547734823762574,39.3592928125,16.22753971875,04-May-2017 17:24:06
0.00299870369371152,39.3592492708335,16.22753140625,04-May-2017 17:24:06
0.00288222094393398,39.3592057291669,16.2275230937501,04-May-2017 17:24:06
0.00550361220944876,39.359161029703,16.2275187524752,04-May-2017 17:24:06
0.00426372325117076,39.3591163564356,16.2275150297029,04-May-2017 17:24:06
0.00381597378774451,39.35907364,16.22752676,04-May-2017 17:24:06
0.00174118026526495,39.3590315656566,16.2275439292929,04-May-2017 17:24:06
0.00132088974023435,39.3589877777779,16.2275557777777,04-May-2017 17:24:06
0.00173061340608372,39.3589441176471,16.2275686666667,04-May-2017 17:24:06
0.00211355114057581,39.3589022058825,16.2275876666666,04-May-2017 17:24:07
0.00175045374077716,39.3588598484849,16.2276040404041,04-May-2017 17:24:07
0.00257120204970611,39.3588159090911,16.2276157575759,04-May-2017 17:24:07
0.00264846995593559,39.3587722600001,16.22762532,04-May-2017 17:24:07
0.00239926004060605,39.3587284600004,16.2276337200001,04-May-2017 17:24:07
0.0029140665253478,39.35868422,16.2276439199999,04-May-2017 17:24:07
0.00233879039851895,39.3586405346535,16.2276459009901,04-May-2017 17:24:07
0.00375548652038703,39.3585968712871,16.2276356534654,04-May-2017 17:24:07
0.00147845197257245,39.3585535353536,16.2276246565657,04-May-2017 17:24:07
0.00331012486518488,39.3585107070708,16.2276091313131,04-May-2017 17:24:07
0.00130793792065775,39.358468,16.2275926,04-May-2017 17:24:07
0.00114231858471187,39.3584255999998,16.2275735199999,04-May-2017 17:24:07
0.000618950216069681,39.3583844,16.2275532,04-May-2017 17:24:07
0.00430208077539235,39.35834384,16.2275303199999,04-May-2017 17:24:07
0.00633845928238178,39.358305069307,16.2275016633663,04-May-2017 17:24:07
0.00834224578164459,39.3582695148517,16.2274673564355,04-May-2017 17:24:07
0.0027317479876984,39.3582305500002,16.22744021,04-May-2017 17:24:07
0.00653852057988583,39.3581902121212,16.2274162222222,04-May-2017 17:24:07
0.0104075151180116,39.3581476060607,16.2273997777777,04-May-2017 17:24:07
0.00190807208889849,39.3581046930693,16.2273838316831,04-May-2017 17:24:07
0.00344513481202279,39.358062,16.2273743,04-May-2017 17:24:07
0.00549020602629132,39.3580195999999,16.2273917899999,04-May-2017 17:24:07
0.0104974904087152,39.3579772,16.2274104,04-May-2017 17:24:07
0.0120888646629823,39.3579355999998,16.2274312000001,04-May-2017 17:24:07
0.00434700529345878,39.35789404,16.22745156,04-May-2017 17:24:07
0.00573087511595482,39.3578522400001,16.2274713600001,04-May-2017 17:24:07
0.00557730786420141,39.35781399,16.2275003,04-May-2017 17:24:07
0.0031872516139176,39.3577788,16.2275360000001,04-May-2017 17:24:07
0.00508415615330176,39.35774256,16.2275698,04-May-2017 17:24:07
0.00411443378852859,39.3577058400001,16.2276022,04-May-2017 17:24:07
-0.000140140855094963,39.3576656060607,16.2276268181818,04-May-2017 17:24:07
0.0107059746139144,39.3576248787882,16.2276486363636,04-May-2017 17:24:07
0.00339641696104779,39.3575833999999,16.2276698,04-May-2017 17:24:07
0.0160875843911732,39.3575417999998,16.2276906000001,04-May-2017 17:24:07
0.00253946972178072,39.3574987599999,16.22770364,04-May-2017 17:24:07
0.00187657019185948,39.3574548899998,16.2277147100001,04-May-2017 17:24:07
0.0055544414789112,39.3574114545455,16.2277270909091,04-May-2017 17:24:07
0.00285825885247873,39.3573686262628,16.227742080808,04-May-2017 17:24:07
0.00409719981183088,39.3573254653466,16.2277508415842,04-May-2017 17:24:07
0.00953075410413779,39.3572807722774,16.2277526732674,04-May-2017 17:24:07
0.0109263671465344,39.3572360792082,16.2277545049506,04-May-2017 17:24:07
0.00388177645564355,39.3571923564356,16.2277624059406,04-May-2017 17:24:07
0.00410699940439687,39.3571486138614,16.2277726435643,04-May-2017 17:24:07
0.00217149692191971,39.3571044444445,16.2277816464647,04-May-2017 17:24:07
0.00621359945526848,39.35706,16.2277897272728,04-May-2017 17:24:07
0.00775280740159739,39.357016,16.22779832,04-May-2017 17:24:07
0.000923208945097081,39.3569730000001,16.2278125099999,04-May-2017 17:24:07
0.00317784141948065,39.3569300000002,16.2278266999999,04-May-2017 17:24:07
0.00173484702626584,39.3568864,16.22783768,04-May-2017 17:24:07
0.00468672381394981,39.3568422999999,16.2278477599999,04-May-2017 17:24:07
0.00258279248705598,39.3567986336633,16.2278575742574,04-May-2017 17:24:07
0.00428273781316211,39.3567547029701,16.2278671683168,04-May-2017 17:24:07
0.00102708884989574,39.3567102222222,16.2278752222222,04-May-2017 17:24:07
0.000770089364007502,39.3566657777776,16.2278807777777,04-May-2017 17:24:07
0.000278506436040787,39.35662152,16.22788664,04-May-2017 17:24:07
0.00174442984953842,39.3565770000001,16.2278929999999,04-May-2017 17:24:07
0.00147347312577842,39.3565329000001,16.22790195,04-May-2017 17:24:07
0.000909229287739829,39.3564893663366,16.2279130693069,04-May-2017 17:24:07
0.00162200443395472,39.3564450099008,16.2279179207922,04-May-2017 17:24:07
0.00195541771517759,39.3564013737374,16.2279292929294,04-May-2017 17:24:07
0.00163383849062238,39.3563581800001,16.22794442,04-May-2017 17:24:07
0.00361754867235341,39.3563146336634,16.2279571485149,04-May-2017 17:24:07
0.00117881996484249,39.35627,16.227962,04-May-2017 17:24:07
0.00266090073861907,39.3562252525252,16.2279648080808,04-May-2017 17:24:07
0.00114411483037261,39.3561811683168,16.2279749504951,04-May-2017 17:24:07
0.00129961205896669,39.3561364200003,16.227974,04-May-2017 17:24:07
0.00139689454143721,39.3560931313133,16.2279655555556,04-May-2017 17:24:07
0.000638918276602659,39.35606494,16.22792375,04-May-2017 17:24:07
0.0024403501283205,39.35605,16.2278735306123,04-May-2017 17:24:07
0.00473475665008195,39.3560184158417,16.2278468514852,04-May-2017 17:24:07
0.00292373818986798,39.3559911200001,16.22780098,04-May-2017 17:24:07
0.00122383691461633,39.3559666899999,16.2277523999999,04-May-2017 17:24:07
0.00183056373957741,39.3559410699999,16.2277048600001,04-May-2017 17:24:07
0.0027879696816399,39.3559168900001,16.22765636,04-May-2017 17:24:07
0.002174167877543,39.35589404,16.22760664,04-May-2017 17:24:07
0.00151472134803586,39.3558715049504,16.2275565346534,04-May-2017 17:24:07
0.00185428449105397,39.3558512121212,16.2275050909091,04-May-2017 17:24:07
0.00209961601834209,39.3558325454546,16.2274530909092,04-May-2017 17:24:07
0.0065603126994629,39.355805019608,16.2274080490196,04-May-2017 17:24:07
0.00316563376638555,39.3557760408163,16.2273642653061,04-May-2017 17:24:07
0.00167006478988923,39.3557456734696,16.227321877551,04-May-2017 17:24:07
0.00356897077194326,39.355716,16.22727872,04-May-2017 17:24:07
0.00557431085412046,39.3556870000001,16.2272346400001,04-May-2017 17:24:07
0.00566846289025508,39.3556609207919,16.2271878712872,04-May-2017 17:24:07
0.00967286646291309,39.3556357920789,16.2271402871288,04-May-2017 17:24:07
0.00684715397544171,39.3556084900001,16.22709415,04-May-2017 17:24:07
0.0046712309780751,39.3555811300002,16.22704855,04-May-2017 17:24:07
0.0132693462233675,39.3555596200001,16.226998,04-May-2017 17:24:07
0.00493939108692056,39.3555397300003,16.2269469999999,04-May-2017 17:24:07
0.000256069526938017,39.3555156969697,16.2268992626262,04-May-2017 17:24:07
0.00564104953747655,39.355490939394,16.2268519191918,04-May-2017 17:24:07
0.0116680103724492,39.3554657500001,16.2268045,04-May-2017 17:24:07
0.00321614464673574,39.3554401000002,16.2267568000001,04-May-2017 17:24:07
0.000492108502153902,39.3554142,16.22671114,04-May-2017 17:24:07
0.00180143150851145,39.3553861999999,16.2266670399999,04-May-2017 17:24:07
0.00425397264076435,39.3553581999998,16.2266229399999,04-May-2017 17:24:07
0.0181752138805719,39.35533127,16.22657792,04-May-2017 17:24:07
0.010599064888201,39.35530505,16.2265308,04-May-2017 17:24:07
0.00202012767338545,39.35527883,16.22648368,04-May-2017 17:24:07
0.00246992775044721,39.35525326,16.2264359,04-May-2017 17:24:07
0.00231516667688191,39.3552282499999,16.2263887500001,04-May-2017 17:24:08
0.00413074986427123,39.3552014950495,16.2263433663366,04-May-2017 17:24:08
0.00352056168966485,39.355171910891,16.2263005940594,04-May-2017 17:24:08
0.00362349114451861,39.3551423267325,16.2262578217821,04-May-2017 17:24:08
0.00530273323718197,39.3551140990099,16.2262134257426,04-May-2017 17:24:08
0.0117128899147493,39.3550866336633,16.2261675247524,04-May-2017 17:24:08
0.0050921728389439,39.3550591683168,16.2261216237623,04-May-2017 17:24:08
0.00492992330786216,39.3550388163266,16.2260705204082,04-May-2017 17:24:08
0.0011222858718974,39.355018979592,16.2260187244899,04-May-2017 17:24:08
0.00448642951199467,39.3549994356435,16.2259677326733,04-May-2017 17:24:08
0.0039508113468071,39.354979831683,16.2259167623762,04-May-2017 17:24:08
0.00331988377257286,39.3549602277225,16.2258657920792,04-May-2017 17:24:08
0.00472112897541041,39.3549422626263,16.2258136161617,04-May-2017 17:24:08
0.00477797086511341,39.3549242222223,16.2257604444445,04-May-2017 17:24:08
0.00724580953907994,39.3549067,16.22570734,04-May-2017 17:24:08
0.00498025324715677,39.3548892,16.22565384,04-May-2017 17:24:08
0.0199515289685396,39.3548716999999,16.2256011000001,04-May-2017 17:24:08
0.00543631160960495,39.3548542199998,16.2255486600001,04-May-2017 17:24:08
0.00812603150403272,39.35483748,16.22549536,04-May-2017 17:24:08
0.00866286865805137,39.3548215,16.2254422499999,04-May-2017 17:24:08
0.00740219437845602,39.3548058700001,16.22538824,04-May-2017 17:24:08
0.00481353797684666,39.3547909900002,16.22533448,04-May-2017 17:24:08
0.0088345557077134,39.35477592,16.22527977,04-May-2017 17:24:08
0.00526276878800868,39.3547612000001,16.2252259499999,04-May-2017 17:24:08
0.00834587025920203,39.354747980198,16.2251707425743,04-May-2017 17:24:08
0.00777551323573065,39.3547399009902,16.2251137128713,04-May-2017 17:24:08
0.00583148822365755,39.3547310909091,16.2250567979798,04-May-2017 17:24:08
0.00518476380163925,39.3547182727274,16.2250017272727,04-May-2017 17:24:08
0.00946558192318843,39.35470524,16.22494662,04-May-2017 17:24:08
0.00674731381856709,39.3546881399999,16.22489307,04-May-2017 17:24:08
0.00706629410563064,39.3546710399997,16.2248395200001,04-May-2017 17:24:08
0.00411678823628338,39.3546562200001,16.22478592,04-May-2017 17:24:08
0.00337199231293229,39.3546416500002,16.2247314,04-May-2017 17:24:08
0.00629517921954226,39.3546260099009,16.2246777623762,04-May-2017 17:24:08
0.00691870241093196,39.354609891089,16.2246246138613,04-May-2017 17:24:08
0.00105438154776222,39.3545951919192,16.2245710505051,04-May-2017 17:24:08
0.0046093489014669,39.3545824646465,16.2245155959596,04-May-2017 17:24:08
0.00576872894167946,39.35456934,16.22446118,04-May-2017 17:24:08
0.00358261888708659,39.3545533799998,16.2244082599999,04-May-2017 17:24:08
0.00258199214242214,39.3545374199997,16.2243553399999,04-May-2017 17:24:08
0.00527063887298044,39.3545247272728,16.2242996969697,04-May-2017 17:24:08
0.00235468840055201,39.3545130000002,16.2242436666667,04-May-2017 17:24:08
0.00301112555440185,39.3545,16.2241886716418,04-May-2017 17:24:08
0.00569342832487948,39.3544856666667,16.224134761194,04-May-2017 17:24:08
0.00243369142598118,39.3544713333334,16.2240808507461,04-May-2017 17:24:08
0.00292127319106776,39.3544570000001,16.2240269402983,04-May-2017 17:24:08
0.00482162907470559,39.3544426666668,16.2239730298505,04-May-2017 17:24:08
0.0022064508683569,39.3544431461988,16.2239814327485,04-May-2017 17:24:08
0.00977735566831601,39.354431374269,16.2239254678362,04-May-2017 17:24:08
0.00121415206144774,39.3544196023392,16.2238695029239,04-May-2017 17:24:08
0.00746584711640502,39.3544078304094,16.2238135380116,04-May-2017 17:24:08
0.00228525732911876,39.3543960584796,16.2237575730992,04-May-2017 17:24:08
0.00446531053164034,39.3543844,16.2237023,04-May-2017 17:24:08
0.00369486439887117,39.3543720999999,16.2236469499999,04-May-2017 17:24:08
0.00410764864068636,39.3543597999997,16.2235915999999,04-May-2017 17:24:08
0.00325223147614656,39.3543477058824,16.2235363529412,04-May-2017 17:24:08
0.00570781242894956,39.3543358529413,16.2234816764706,04-May-2017 17:24:08
0.00203156405515862,39.3543237475728,16.2234257184466,04-May-2017 17:24:08
0.00532433545620749,39.3543128932039,16.2233706116505,04-May-2017 17:24:08
0.00501076672606561,39.3543020388349,16.2233155048543,04-May-2017 17:24:08
0.00608842092721721,39.3542886938776,16.2232614489796,04-May-2017 17:24:08
0.00800672130708548,39.3542735714286,16.2232069285714,04-May-2017 17:24:08
0.0085540358113988,39.3542584,16.22315244,04-May-2017 17:24:08
0.00635162437595783,39.3542428000001,16.2230982299999,04-May-2017 17:24:08
0.00363475079861823,39.3542272000002,16.2230440199999,04-May-2017 17:24:08
0.00534578852440089,39.3542084444445,16.2229918888889,04-May-2017 17:24:08
0.00886090809027303,39.354186909091,16.2229413636364,04-May-2017 17:24:08
0.0032606971390302,39.35416535,16.2228908,04-May-2017 17:24:08
0.00677665403972052,39.3541436199999,16.22283996,04-May-2017 17:24:08
0.00171088585571732,39.3541218899999,16.22278912,04-May-2017 17:24:08
0.00300512043788559,39.3540968000001,16.22274192,04-May-2017 17:24:08
0.00160131216511394,39.3540701500002,16.22269641,04-May-2017 17:24:08
0.00720798737239048,39.3540427,16.2226513,04-May-2017 17:24:08
0.0124267263397441,39.3540135000002,16.2226085,04-May-2017 17:24:08
0.0100741951930258,39.3539843000003,16.2225657,04-May-2017 17:24:08
0.00792926659954619,39.3539541287128,16.2225244059406,04-May-2017 17:24:08
0.00916837794005749,39.3539236336633,16.2224836138613,04-May-2017 17:24:08
0.00137324205277929,39.3538917,16.2224428,04-May-2017 17:24:08
0.0050597939549582,39.3538576700001,16.2224050799999,04-May-2017 17:24:08
0.00331619213370539,39.3538236400002,16.2223673599999,04-May-2017 17:24:08
0.00798772926123877,39.3537885918368,16.222332244898,04-May-2017 17:24:08
0.0104079760994964,39.3537530816328,16.2222975510205,04-May-2017 17:24:08
0.0133565937013865,39.353716989899,16.2222636868687,04-May-2017 17:24:08
0.0144047967284973,39.3536798181817,16.2222313636363,04-May-2017 17:24:08
0.00713227377288425,39.3536426464645,16.2221990404039,04-May-2017 17:24:08
0.00543195173837749,39.3536043725491,16.2221699509804,04-May-2017 17:24:08
0.000436741792939399,39.3535659411766,16.2221413235295,04-May-2017 17:24:08
0.0114487614586927,39.3535271287129,16.2221133762376,04-May-2017 17:24:08
0.0124487019508054,39.3534875247524,16.2220868415842,04-May-2017 17:24:08
0.000664393206918932,39.353447920792,16.2220603069307,04-May-2017 17:24:08
0.00668433424495819,39.3534084040404,16.222034050505,04-May-2017 17:24:08
0.00171435035999388,39.3533684444443,16.2220075555554,04-May-2017 17:24:08
0.00264407305026846,39.3533283999999,16.2219826,04-May-2017 17:24:08
0.00413812342159646,39.3532882199998,16.2219592299999,04-May-2017 17:24:08
0.00941837822985688,39.3532479405941,16.2219361287129,04-May-2017 17:24:08
0.00139649584283247,39.3532057227722,16.2219182673268,04-May-2017 17:24:08
0.00486856407032498,39.3531635049504,16.2219004059406,04-May-2017 17:24:08
0.00177902272473056,39.35312047,16.2218838,04-May-2017 17:24:08
-0.00118922348619297,39.35307718,16.2218681999999,04-May-2017 17:24:08
0.0020995433408978,39.353034,16.2218526666667,04-May-2017 17:24:08
0.00396415770160203,39.3529910000001,16.2218383333334,04-May-2017 17:24:09
0.00157132891750706,39.3529480000002,16.2218240000001,04-May-2017 17:24:09
0.00439923912966116,39.3529046336634,16.2218141188119,04-May-2017 17:24:09
0.00336335942642987,39.3528609108911,16.2218059207921,04-May-2017 17:24:09
0.00989400133402283,39.35281625,16.2217995,04-May-2017 17:24:09
0.00649143587913635,39.3527716,16.2217947999999,04-May-2017 17:24:09
0.00719007161283945,39.3527268000001,16.2217924,04-May-2017 17:24:09
0.00279815172180167,39.3526822100002,16.2217933800001,04-May-2017 17:24:09
0.00350358614340299,39.35263802,16.22179468,04-May-2017 17:24:09
0.00439759705205416,39.35259384,16.22179656,04-May-2017 17:24:09
0.00428229171597901,39.3525489795918,16.2217991020408,04-May-2017 17:24:09
0.00437243046639973,39.3525048979591,16.2218035102041,04-May-2017 17:24:09
0.00210499202232375,39.3524604950495,16.2218091386139,04-May-2017 17:24:09
0.00355235404380689,39.3524169306932,16.221818940594,04-May-2017 17:24:09
0.00206881568200039,39.3523727722772,16.2218287623762,04-May-2017 17:24:09
0.00107832015365339,39.352328841584,16.2218383564356,04-May-2017 17:24:09
0.00292398163748132,39.35228452,16.22184547,04-May-2017 17:24:09
0.00376553211372377,39.3522396399999,16.2218490399999,04-May-2017 17:24:09
0.00428357876266838,39.3521957999999,16.22185556,04-May-2017 17:24:09
0.00303679136014364,39.3521517999998,16.2218660100001,04-May-2017 17:24:09
0.00429711385043943,39.3521080693069,16.2218785544555,04-May-2017 17:24:09
0.00518389563213568,39.3520651485147,16.2218921881189,04-May-2017 17:24:09
0.00742438684034687,39.3520223333333,16.221908,04-May-2017 17:24:09
0.00363012973963389,39.3519795757574,16.2219249999999,04-May-2017 17:24:09
0.00245744606735259,39.351937909091,16.2219438181818,04-May-2017 17:24:09
0.00226166118021624,39.3518958888891,16.2219637777777,04-May-2017 17:24:09
0.00378550170000051,39.351854980198,16.2219862970297,04-May-2017 17:24:09
0.00539717199768676,39.3518145742573,16.2220093861386,04-May-2017 17:24:09
0.00434829747192963,39.3517720000001,16.2220250000001,04-May-2017 17:24:09
0.00181068610384573,39.3517287326733,16.2220401485149,04-May-2017 17:24:09
0.00369116772470203,39.3516865940596,16.2220573366337,04-May-2017 17:24:09
0.0148066788794426,39.35164372,16.22207299,04-May-2017 17:24:09
0.00689725732069121,39.3516002000001,16.2220851500001,04-May-2017 17:24:09
0.00286442970631418,39.3515589800001,16.2221068000001,04-May-2017 17:24:09
0.00503156204224893,39.3515195000001,16.2221331,04-May-2017 17:24:09
0.00260546363449246,39.35149115,16.2221752,04-May-2017 17:24:09
0.0019100072209937,39.3514791799999,16.2222306400001,04-May-2017 17:24:09
0.00214813546835049,39.351475,16.2222877999999,04-May-2017 17:24:09
0.00676629022617898,39.3514785353536,16.2223441818182,04-May-2017 17:24:09
0.00336214289643939,39.3514967171718,16.2223965454546,04-May-2017 17:24:09
0.00254723998494959,39.3515133333333,16.2224504444445,04-May-2017 17:24:09
0.00349659813530415,39.3515306862745,16.2225034705882,04-May-2017 17:24:09
0.00265413414520559,39.3515504411763,16.2225550882352,04-May-2017 17:24:09
0.00592268924553059,39.3515811111113,16.222595959596,04-May-2017 17:24:09
0.00680473123356167,39.3516138787879,16.2226347878788,04-May-2017 17:24:09
0.00875685513932008,39.3516405454546,16.2226814545455,04-May-2017 17:24:09
0.00166646523142463,39.3516659009901,16.2227292574257,04-May-2017 17:24:09
0.00131562871222809,39.3516884752474,16.2227785643563,04-May-2017 17:24:09
0.0024364747451521,39.3517108200001,16.22282815,04-May-2017 17:24:09
0.00194083366290563,39.3517332400003,16.2228782999999,04-May-2017 17:24:09
0.00380145121990857,39.3517530800001,16.22293035,04-May-2017 17:24:09
0.00372378471200003,39.3517718181818,16.222983,04-May-2017 17:24:09
0.00202911870321335,39.3517843434344,16.223038111111,04-May-2017 17:24:09
0.00166591450025904,39.3517756237624,16.2230891386139,04-May-2017 17:24:09
0.002282141519421,39.3517499207921,16.2231358712873,04-May-2017 17:24:09
0.00427995075789073,39.35173144,16.2231877999999,04-May-2017 17:24:09
0.00458374035395752,39.35170668,16.22323146,04-May-2017 17:24:09
0.0102510878314773,39.3516667200002,16.22325684,04-May-2017 17:24:09
0.00185340795199789,39.35162794,16.22328407,04-May-2017 17:24:09
0.00121868660854522,39.3515901,16.2233135499999,04-May-2017 17:24:09
0.00493654926961953,39.3515526336633,16.223344009901,04-May-2017 17:24:09
0.00462051500952261,39.3515170297028,16.223377891089,04-May-2017 17:24:09
0.00311199216142546,39.3514802727274,16.2234096363636,04-May-2017 17:24:09
0.0019485335346183,39.3514421919195,16.2234389292929,04-May-2017 17:24:09
0.00436677257337184,39.3514038000001,16.2234688,04-May-2017 17:24:09
0.00263216217657469,39.3513658400003,16.2234984400001,04-May-2017 17:24:09
0.00807736160815566,39.3513307500001,16.2235331499999,04-May-2017 17:24:09
0.00516383788844197,39.3512956500003,16.2235693299999,04-May-2017 17:24:09
0.00358500348453166,39.3512697373738,16.2236151414142,04-May-2017 17:24:09
0.00601955471079616,39.351243858586,16.2236613838385,04-May-2017 17:24:09
0.00348810217026983,39.3512126138614,16.2237006534654,04-May-2017 17:24:09
0.0055984354715253,39.3511777623764,16.2237359405942,04-May-2017 17:24:09
0.0128343634277641,39.351143009901,16.2237726237624,04-May-2017 17:24:09
0.010234034163322,39.3511100396041,16.2238104950494,04-May-2017 17:24:09
0.0133745897767016,39.3510768686869,16.2238485606061,04-May-2017 17:24:09
0.00817105393757468,39.3510436767677,16.2238863030304,04-May-2017 17:24:09
0.00404130453578208,39.3510104848485,16.2239240454547,04-May-2017 17:24:09
0.00818503027882555,39.3509772929294,16.223961787879,04-May-2017 17:24:09
0.00310823730442769,39.3509531428571,16.2239967346939,04-May-2017 17:24:09
0.0069365207261262,39.3509282857143,16.2240428979592,04-May-2017 17:24:09
0.00417705453137645,39.3509108,16.2240955999999,04-May-2017 17:24:09
0.00170435530460134,39.3509003030303,16.2241516060606,04-May-2017 17:24:09
0.00878904174332802,39.3509033939395,16.2242087878788,04-May-2017 17:24:09
0.00520891098882148,39.35090712,16.22426564,04-May-2017 17:24:09
0.0173582110177131,39.3509145399998,16.22432288,04-May-2017 17:24:09
0.00706279544398169,39.3509241584158,16.2243792772277,04-May-2017 17:24:09
0.00725397190264321,39.3509399009899,16.2244333267328,04-May-2017 17:24:09
0.0053418638972305,39.3509536,16.22448816,04-May-2017 17:24:09
0.00167371798703758,39.3509636000002,16.22454416,04-May-2017 17:24:09
0.00438040798651854,39.3509748000001,16.2246,04-May-2017 17:24:09
0.00658516663383115,39.3509880000002,16.224655,04-May-2017 17:24:09
0.00565747585041593,39.3510006868687,16.2247097676768,04-May-2017 17:24:09
0.00622548361064445,39.3510087575756,16.2247657878788,04-May-2017 17:24:09
0.0077863843080975,39.3510168282825,16.2248218080809,04-May-2017 17:24:09
0.00499795149960794,39.3510232999999,16.22487928,04-May-2017 17:24:09
0.00378826460645373,39.3510295999998,16.2249355600001,04-May-2017 17:24:09
0.00821657947006355,39.3510361188119,16.2249922673267,04-May-2017 17:24:09
0.000347660008975401,39.3510427722774,16.2250492376237,04-May-2017 17:24:09
0.00610867239617459,39.35104908,16.22510651,04-May-2017 17:24:09
0.00806715453875811,39.3510540000001,16.2251635000001,04-May-2017 17:24:09
0.00192348896154651,39.3510589200003,16.2252204900001,04-May-2017 17:24:10
0.00351358057788427,39.3510632,16.22527748,04-May-2017 17:24:10
0.00361829461655666,39.3510673000001,16.2253344700001,04-May-2017 17:24:10
0.00331891441073266,39.3510726,16.22539085,04-May-2017 17:24:10
0.00372748845639979,39.3510804000001,16.2254474,04-May-2017 17:24:10
0.00499300122703764,39.3510882000002,16.2255039499999,04-May-2017 17:24:10
0.000898949163416092,39.35109224,16.2255618,04-May-2017 17:24:10
0.00207806168601206,39.3510951099999,16.2256191999999,04-May-2017 17:24:10
0.0037404945313819,39.35109882,16.2256759,04-May-2017 17:24:10
0.00454588638418603,39.3511042799998,16.2257326000001,04-May-2017 17:24:10
0.00910016195403646,39.3511097399997,16.2257893000002,04-May-2017 17:24:10
0.00319793580468847,39.3511139603961,16.2258470495049,04-May-2017 17:24:10
0.00381567904555235,39.351118118812,16.2259048514851,04-May-2017 17:24:10
0.00163834455394931,39.35112,16.2259625151515,04-May-2017 17:24:10
0.00434168944836418,39.35112,16.2260194848485,04-May-2017 17:24:10
0.00523391545398214,39.35112255,16.22607633,04-May-2017 17:24:10
0.00481874387575264,39.3511282499999,16.2261329499999,04-May-2017 17:24:10
0.00380966157019598,39.3511339499998,16.2261895699999,04-May-2017 17:24:10
0.00246060770150192,39.3511426732673,16.2262457326733,04-May-2017 17:24:10
0.00262947381953259,39.3511520792079,16.2263017920793,04-May-2017 17:24:10
0.00916926491182303,39.35116102,16.22635734,04-May-2017 17:24:10
0.00223545573769538,39.35116799,16.2264143300001,04-May-2017 17:24:10
0.00243534336849058,39.35117496,16.2264713200001,04-May-2017 17:24:10
0.0045312037432257,39.3511859899999,16.22652628,04-May-2017 17:24:10
0.00209157176096457,39.3511990099998,16.2265817199999,04-May-2017 17:24:10
0.00157343281250996,39.35121086,16.22663729,04-May-2017 17:24:10
0.00181109478496045,39.3512200999998,16.22669315,04-May-2017 17:24:10
0.00194678868727786,39.3512293399997,16.22674901,04-May-2017 17:24:10
0.00486188596740714,39.3512404693877,16.2268049591837,04-May-2017 17:24:10
0.00811473872004248,39.351251765306,16.2268610204082,04-May-2017 17:24:10
0.0122071925942132,39.35126321,16.22691667,04-May-2017 17:24:10
0.00267703920972489,39.3512748200001,16.22697214,04-May-2017 17:24:10
0.00144249081370267,39.35128676,16.22702632,04-May-2017 17:24:10
0.0086592101796172,39.3513010200001,16.22707964,04-May-2017 17:24:10
0.00549720884080524,39.3513152800002,16.22713296,04-May-2017 17:24:10
0.00726560109241719,39.3513295400003,16.22718628,04-May-2017 17:24:10
0.0069996521480245,39.3513634653465,16.2272224950495,04-May-2017 17:24:10
0.00793331228522342,39.3513957676768,16.2272597676768,04-May-2017 17:24:10
0.00488597211453642,39.3514047878788,16.2273157878788,04-May-2017 17:24:10
0.00519116865771988,39.3514138080808,16.2273718080809,04-May-2017 17:24:10
0.00277693310772717,39.3514286138613,16.2274265841584,04-May-2017 17:24:10
0.00179731845185001,39.3514432277226,16.2274801683167,04-May-2017 17:24:10
0.00185119030379573,39.3514584000001,16.2275344,04-May-2017 17:24:10
0.00745529471012628,39.3514737000003,16.2275879500001,04-May-2017 17:24:10
0.00447083640837331,39.3514884848485,16.2276428080808,04-May-2017 17:24:10
0.00545643158344674,39.3515027272729,16.227697878788,04-May-2017 17:24:10
0.00579381569020473,39.3515145544555,16.2277528712871,04-May-2017 17:24:10
0.00139435534513498,39.3515240594062,16.2278089504951,04-May-2017 17:24:10
0.00434686173138159,39.35153561,16.2278644,04-May-2017 17:24:10
0.00585525774699597,39.3515504599999,16.2279184,04-May-2017 17:24:10
0.00310991765242253,39.3515650792079,16.2279728712871,04-May-2017 17:24:10
0.00136794053509889,39.351577851485,16.2280273663367,04-May-2017 17:24:10
0.00217630040645233,39.3515906237621,16.2280818613863,04-May-2017 17:24:10
0.00467479323898992,39.351596888889,16.2281386666667,04-May-2017 17:24:10
0.00251862758234283,39.3516016666668,16.228196,04-May-2017 17:24:10
0.000135471254275501,39.35160972,16.22825282,04-May-2017 17:24:10
0.00522248278502236,39.35162064,16.2283078399999,04-May-2017 17:24:10
0.00252834344978908,39.3516321,16.22836268,04-May-2017 17:24:10
0.00886431281843248,39.3516468,16.22841644,04-May-2017 17:24:10
0.0061802175863771,39.3516615,16.2284701999999,04-May-2017 17:24:10
0.000847532442939072,39.35167391,16.2285259,04-May-2017 17:24:10
0.00209913619354943,39.3516855200001,16.2285818000001,04-May-2017 17:24:10
0.00382924991454492,39.35169524,16.22863802,04-May-2017 17:24:10
0.000303520471820152,39.35170262,16.2286950100001,04-May-2017 17:24:10
0.00254733665678704,39.35171,16.228752,04-May-2017 17:24:10
0.00291583825513512,39.3517175742574,16.228809029703,04-May-2017 17:24:10
0.00138309304187791,39.3517251485148,16.2288660594061,04-May-2017 17:24:10
0.00174430960152362,39.3517312020201,16.228922989899,04-May-2017 17:24:10
0.00524464331001475,39.3517367171716,16.2289794141415,04-May-2017 17:24:10
0.0045972660415251,39.3517453465346,16.2290358118812,04-May-2017 17:24:10
0.00710531649383792,39.3517581188117,16.2290903069308,04-May-2017 17:24:10
0.00447944877602677,39.3517704242424,16.2291450606061,04-May-2017 17:24:10
0.00156901963139902,39.3517763636363,16.2292019090909,04-May-2017 17:24:10
0.00401266014295765,39.3517823030303,16.2292587575757,04-May-2017 17:24:10
0.00532773646029471,39.3517909696969,16.2293153030304,04-May-2017 17:24:10
0.00212618772068658,39.3518007272726,16.2293717272728,04-May-2017 17:24:10
0.00694726380856454,39.35180966,16.22942802,04-May-2017 17:24:10
0.00633912800369239,39.3518172600001,16.2294852200001,04-May-2017 17:24:10
0.0117157642381465,39.3518248600001,16.2295424200001,04-May-2017 17:24:10
0.00087615268015833,39.3518301386138,16.2295995346535,04-May-2017 17:24:10
0.00378597919442015,39.3518350396038,16.2296570099011,04-May-2017 17:24:10
0.0116648996154718,39.3518402499999,16.229714,04-May-2017 17:24:10
0.00786034969541202,39.3518457099998,16.2297711199999,04-May-2017 17:24:10
0.00696953004289589,39.3518514141414,16.2298287272727,04-May-2017 17:24:10
0.00559582299892965,39.3518577777777,16.2298859999999,04-May-2017 17:24:10
0.0173105535715293,39.3518640588235,16.2299433333333,04-May-2017 17:24:10
0.000203680344483637,39.3518665882354,16.2300006666667,04-May-2017 17:24:10
0.00626489364872969,39.3518691176472,16.230058,04-May-2017 17:24:10
0.00506429541599509,39.3518749797979,16.2301149090909,04-May-2017 17:24:10
0.00414752265772275,39.3518827070705,16.2301721818181,04-May-2017 17:24:10
0.00535541179120043,39.35189137,16.23022851,04-May-2017 17:24:10
0.00336674085332758,39.3519012599999,16.23028398,04-May-2017 17:24:10
0.00125043938081437,39.351911010101,16.2303396666667,04-May-2017 17:24:10
0.000530385389392365,39.3519194949495,16.2303956666667,04-May-2017 17:24:10
0.00429434862825049,39.3519279797981,16.2304516666667,04-May-2017 17:24:10
0.00124344970961446,39.3519370000001,16.2305084,04-May-2017 17:24:10
0.00876566781852926,39.3519460000002,16.2305642,04-May-2017 17:24:10
0.00540220104554391,39.351957920792,16.2306189504951,04-May-2017 17:24:10
0.00227565010749843,39.3519721782177,16.2306728613862,04-May-2017 17:24:10
0.00308753513680149,39.35198676,16.23072694,04-May-2017 17:24:11
0.00480269850069932,39.35200206,16.23078139,04-May-2017 17:24:11
0.00537821891897509,39.35201784,16.23083512,04-May-2017 17:24:11
0.000958738087003741,39.3520399200001,16.23088456,04-May-2017 17:24:11
0.00232249012651974,39.35206242,16.23093488,04-May-2017 17:24:11
0.00507633665817946,39.35208594,16.2309841600001,04-May-2017 17:24:11
0.00826422301125681,39.3521104356436,16.2310325544555,04-May-2017 17:24:11
0.00023458901157816,39.3521381584159,16.2310780198021,04-May-2017 17:24:11
0.0069400044327561,39.3521633939394,16.2311259191919,04-May-2017 17:24:11
0.00213463992786717,39.3521856733668,16.2311761708543,04-May-2017 17:24:11
0.00541604732254897,39.3522169095477,16.2312166934673,04-May-2017 17:24:11
0.00515628983641315,39.3522481457286,16.2312572160803,04-May-2017 17:24:11
0.00398514077670292,39.3522793819094,16.2312977386934,04-May-2017 17:24:11
0.00281096279402545,39.35231260199,16.2313366119403,04-May-2017 17:24:11
0.00351442596595667,39.3523471990049,16.2313731940297,04-May-2017 17:24:11
0.0046289941499205,39.3523817960198,16.2314097761192,04-May-2017 17:24:11
0.00284509991870719,39.3524163930346,16.2314463582087,04-May-2017 17:24:11
0.00256094190429684,39.3524476666668,16.2314876666666,04-May-2017 17:24:11
0.000700738147248469,39.35248049,16.23152648,04-May-2017 17:24:11
0.00569632233055773,39.3525149400001,16.23156288,04-May-2017 17:24:11
0.00573331195450395,39.3525417575758,16.2316086969696,04-May-2017 17:24:11
0.00186790264096726,39.3525614285713,16.2316601428572,04-May-2017 17:24:11
0.00112624932860761,39.3525806666666,16.2317124705882,04-May-2017 17:24:11
0.00459957040074401,39.3526026666666,16.2317629411763,04-May-2017 17:24:11
0.0135911990415984,39.35263206,16.23180556,04-May-2017 17:24:11
0.00933912231160254,39.3526619500001,16.2318477,04-May-2017 17:24:11
0.00685178525807816,39.3526839,16.2318979,04-May-2017 17:24:11
0.011594059445684,39.35270636,16.23194732,04-May-2017 17:24:11
-0.00132383812541583,39.3527339200001,16.23199204,04-May-2017 17:24:11
0.00986717717665652,39.35276133,16.23203779,04-May-2017 17:24:11
0.0114470149304925,39.3527877899999,16.2320847700001,04-May-2017 17:24:11
0.00552636265179068,39.3528152244897,16.2321303265306,04-May-2017 17:24:11
0.00431630366295108,39.3528438775509,16.2321743673469,04-May-2017 17:24:11
0.00577219173207754,39.35287572,16.23221359,04-May-2017 17:24:11
0.0105872231412976,39.3529104,16.2322497999999,04-May-2017 17:24:11
0.00864865926593957,39.3529468,16.2322823,04-May-2017 17:24:11
0.0223066609225844,39.3529847999999,16.2323128000001,04-May-2017 17:24:11
0.00652680901191251,39.3530223039215,16.2323431862746,04-May-2017 17:24:11
0.0056984029879914,39.3530599019606,16.2323738431374,04-May-2017 17:24:11
0.00524830101818954,39.3530955555557,16.2324085555555,04-May-2017 17:24:11
0.00699167807462641,39.3531315200001,16.23244236,04-May-2017 17:24:11
0.00341312246429177,39.3531692800002,16.23247304,04-May-2017 17:24:11
0.00303751247599128,39.3532096633662,16.2324974752476,04-May-2017 17:24:11
0.00130892217071896,39.353251722772,16.2325179207922,04-May-2017 17:24:11
0.00517239047041745,39.3532956161618,16.2325237474747,04-May-2017 17:24:11
0.00570133790460767,39.35334005,16.23252895,04-May-2017 17:24:11
0.00307694114246138,39.3533842699999,16.23253753,04-May-2017 17:24:11
0.000529522263871423,39.3534283199999,16.23253298,04-May-2017 17:24:11
0.00745383182359864,39.3534716336633,16.2325197227722,04-May-2017 17:24:11
0.00853359875113201,39.3535136138612,16.2325013564355,04-May-2017 17:24:11
0.0060472837343037,39.3535560909091,16.2324832121213,04-May-2017 17:24:11
0.00403120646236757,39.3535982727273,16.2324656363638,04-May-2017 17:24:11
0.00430119478177786,39.35361921,16.23241945,04-May-2017 17:24:11
0.0039499919004711,39.3536347199999,16.2323654000001,04-May-2017 17:24:11
0.00387835985971465,39.3536547058824,16.2323146470589,04-May-2017 17:24:11
0.00120425856537958,39.353677254902,16.2322650392158,04-May-2017 17:24:11
0.0019856829702373,39.3536966666667,16.2322136666667,04-May-2017 17:24:11
0.00759533057379769,39.3537121212123,16.2321595757576,04-May-2017 17:24:11
0.0101160779557363,39.35372768,16.23210536,04-May-2017 17:24:11
0.00467430414920918,39.3537433599999,16.23205097,04-May-2017 17:24:11
0.00262211361359147,39.3537573434343,16.2319966060606,04-May-2017 17:24:11
0.00616344486362631,39.3537694242423,16.2319414545455,04-May-2017 17:24:11
0.00472315507288209,39.3537843564357,16.2318876633664,04-May-2017 17:24:11
0.00733150793178602,39.3538016831684,16.2318351881189,04-May-2017 17:24:11
0.00500967534582747,39.3538178787879,16.2317811111111,04-May-2017 17:24:11
0.016271586164797,39.3538327272729,16.2317266666667,04-May-2017 17:24:11
0.00279604510347296,39.3538439,16.2316714,04-May-2017 17:24:11
0.00126730956202533,39.3538516999999,16.2316142000001,04-May-2017 17:24:11
0.00856385836216916,39.3538624257426,16.2315579207921,04-May-2017 17:24:11
0.00131688887267666,39.3538752970297,16.2315023168318,04-May-2017 17:24:11
0.00572052010549239,39.35389116,16.23144883,04-May-2017 17:24:11
0.00799644479023541,39.3539088000001,16.2313964,04-May-2017 17:24:11
0.00552953468831044,39.3539223333333,16.231342,04-May-2017 17:24:11
0.00490803947816112,39.3539330808081,16.2312859999999,04-May-2017 17:24:11
0.00120283536804945,39.3539421287128,16.2312294257425,04-May-2017 17:24:11
0.00986907986160242,39.3539514,16.23117368,04-May-2017 17:24:11
0.014274791110382,39.35396855,16.23112076,04-May-2017 17:24:11
0.0202221681660037,39.3539855,16.23106796,04-May-2017 17:24:11
0.00724442233646541,39.353999,16.23101288,04-May-2017 17:24:11
0.0175105342030574,39.3540130303031,16.2309584040404,04-May-2017 17:24:11
0.0126007240855796,39.3540300000001,16.2309046666668,04-May-2017 17:24:11
0.0144906322638302,39.3540507999999,16.2308541,04-May-2017 17:24:11
0.003757105745492,39.3540771999998,16.2308078999999,04-May-2017 17:24:11
0.00368401804432476,39.3541052,16.23076268,04-May-2017 17:24:11
0.00762774659123945,39.3541394,16.2307273999999,04-May-2017 17:24:11
0.0155480074917454,39.35417728,16.23069646,04-May-2017 17:24:11
0.00920376536778898,39.3542099200002,16.23065719,04-May-2017 17:24:11
0.00392236241563315,39.354243,16.23061875,04-May-2017 17:24:11
0.00842302023874577,39.3542814,16.2305899499999,04-May-2017 17:24:11
0.00543284777145431,39.3543071999999,16.2306048,04-May-2017 17:24:11
0.00545861778273691,39.3543209999998,16.23066,04-May-2017 17:24:11
0.0114330915968602,39.3543446534653,16.2307005544554,04-May-2017 17:24:11
0.00704212575204082,39.3543878811879,16.230713990099,04-May-2017 17:24:11
0.0067104903358226,39.3544288199999,16.23073498,04-May-2017 17:24:11
0.00240849416689362,39.3544689699997,16.23076083,04-May-2017 17:24:11
0.00765373037069888,39.3545047777779,16.2307948888888,04-May-2017 17:24:11
0.00920835693431435,39.3545406799999,16.23082856,04-May-2017 17:24:11
0.017863629013801,39.3545788699998,16.2308580400001,04-May-2017 17:24:11
0.00423398862359318,39.3546220198019,16.2308705544554,04-May-2017 17:24:11
0.0143963330406758,39.3546663030303,16.2308803030303,04-May-2017 17:24:11
0.019580495429789,39.3547108282828,16.2308861616162,04-May-2017 17:24:11
0.00731079039800521,39.3547552,16.2308932,04-May-2017 17:24:12
0.00527010830260551,39.3547992799999,16.2309024799999,04-May-2017 17:24:12
0.00200956905084934,39.3548426831684,16.2308987227723,04-May-2017 17:24:12
0.00656382985211173,39.3548861386139,16.2308868712872,04-May-2017 17:24:12
0.00894335378932281,39.35492688,16.23086476,04-May-2017 17:24:12
0.00300579574710626,39.35496769,16.2308403800001,04-May-2017 17:24:12
0.00333936169942734,39.35500948,16.2308222,04-May-2017 17:24:12
0.00525320588392872,39.35505178,16.2308041999999,04-May-2017 17:24:12
0.0108356980606615,39.3550921881188,16.2307812376238,04-May-2017 17:24:12
0.0274480545288179,39.3551319405941,16.2307561881188,04-May-2017 17:24:12
0.0168470889144474,39.3551681752576,16.230722814433,04-May-2017 17:24:12
0.00468611788502316,39.35520378,16.23068846,04-May-2017 17:24:12
0.0102732124029381,39.3552396900002,16.2306548300001,04-May-2017 17:24:12
0.00623277435832879,39.35527383,16.23061875,04-May-2017 17:24:12
0.00701819387204542,39.3553051799998,16.2305774999999,04-May-2017 17:24:12
0.00555184857736397,39.355337,16.23053726,04-May-2017 17:24:12
0.0069096251882868,39.3553694999999,16.2304976099999,04-May-2017 17:24:12
0.00834934697206526,39.3553971960783,16.2304519117646,04-May-2017 17:24:12
0.0101085259924235,39.3554258181817,16.2304072727272,04-May-2017 17:24:12
0.013373122589618,39.3554536,16.23036248,04-May-2017 17:24:12
0.00440330034232323,39.3554749000003,16.2303120700001,04-May-2017 17:24:12
0.00252726100942322,39.3554986300001,16.2302627400001,04-May-2017 17:24:12
0.00120687065415623,39.3555216999998,16.2302131700001,04-May-2017 17:24:12
0.000598191718173473,39.35554348,16.23016292,04-May-2017 17:24:12
0.00352745677876601,39.355564,16.230112,04-May-2017 17:24:12
0.005106031828721,39.3555810199998,16.2300587200001,04-May-2017 17:24:12
0.00587204745453468,39.3556025099999,16.2300085100001,04-May-2017 17:24:12
0.00574630137536548,39.3556244081633,16.2299586734694,04-May-2017 17:24:12
0.00894503453185557,39.3556408163267,16.2299053469388,04-May-2017 17:24:12
0.00765525982860308,39.3556563564355,16.2298512772277,04-May-2017 17:24:12
0.004323608258403,39.3556707843137,16.2297970392157,04-May-2017 17:24:12
0.0043662602050363,39.3556782352941,16.2297404117648,04-May-2017 17:24:12
0.00480639137295484,39.3556908000001,16.22968488,04-May-2017 17:24:12
0.00265798420961724,39.3557044897959,16.2296296938776,04-May-2017 17:24:12
0.00629932458445602,39.3557173469385,16.2295744081633,04-May-2017 17:24:12
0.00674689616820583,39.3557284799999,16.2295184800001,04-May-2017 17:24:12
0.00605162775699882,39.35573733,16.22946228,04-May-2017 17:24:12
0.0116049611841019,39.3557418799999,16.2294050799999,04-May-2017 17:24:12
0.0137007436810467,39.3557520297029,16.2293491782179,04-May-2017 17:24:12
0.018214784931101,39.3557643232323,16.229294010101,04-May-2017 17:24:12
0.00851242342081548,39.3557784949494,16.2292391717171,04-May-2017 17:24:12
0.00681986415394738,39.3557899009901,16.2291832871287,04-May-2017 17:24:12
0.00710771616919937,39.3557989603959,16.2291265148515,04-May-2017 17:24:12
0.00236740771924282,39.3558087999999,16.22906995,04-May-2017 17:24:12
0.0167188939166158,39.355816,16.22901325,04-May-2017 17:24:12
0.01299216786384,39.355816,16.2289554999999,04-May-2017 17:24:12
0.00300494946693283,39.3558237575758,16.2288994343435,04-May-2017 17:24:12
0.00361095130744525,39.3558403,16.22884548,04-May-2017 17:24:12
0.00615911839675647,39.3558471000001,16.2287883600001,04-May-2017 17:24:12
0.0054091352277912,39.3558538,16.22873132,04-May-2017 17:24:12
0.0128838313122903,39.3558606435643,16.228674039604,04-May-2017 17:24:12
0.01750859329263,39.3558697821781,16.2286178019801,04-May-2017 17:24:12
0.00644260528392884,39.3558856900001,16.2285646300001,04-May-2017 17:24:12
0.00447015367613565,39.35590483,16.22851251,04-May-2017 17:24:12
0.00317783198570311,39.3559225399998,16.22845938,04-May-2017 17:24:12
0.00578139352061083,39.3559354554455,16.2284037821782,04-May-2017 17:24:12
0.0125444030858941,39.3559575247523,16.2283542079208,04-May-2017 17:24:12
0.00739358459733945,39.3559834693879,16.2283069591837,04-May-2017 17:24:12
0.00375231345219579,39.3560086666666,16.2282589797979,04-May-2017 17:24:12
0.0152797917609251,39.3560341386139,16.2282113267327,04-May-2017 17:24:12
0.00299083550778706,39.3560557722772,16.2281605346534,04-May-2017 17:24:12
0.00283383376502972,39.356097089109,16.2281386336633,04-May-2017 17:24:12
0.00254764450125875,39.3561330000003,16.2281051999999,04-May-2017 17:24:12
0.00261032809762259,39.3561720000001,16.2280766363637,04-May-2017 17:24:12
0.00665044163601138,39.3562138613863,16.2280568910891,04-May-2017 17:24:12
0.0026167920200701,39.3562565,16.2280397299999,04-May-2017 17:24:12
0.0026517374555711,39.3562997959183,16.2280253163265,04-May-2017 17:24:12
0.00139751833118792,39.3563442040814,16.2280176836735,04-May-2017 17:24:12
0.00296429710715625,39.3563885882354,16.2280110588235,04-May-2017 17:24:12
0.00639252532250281,39.3564327755102,16.2280065306122,04-May-2017 17:24:12
0.00313248755450812,39.356476990099,16.2280036534653,04-May-2017 17:24:12
0.0019313571954683,39.3565211881186,16.2280005841584,04-May-2017 17:24:12
0.00435127461271775,39.35656512,16.22799564,04-May-2017 17:24:12
0.00394905409211171,39.3566091200001,16.2279886399999,04-May-2017 17:24:12
0.00402610066273646,39.3566536000001,16.22798419,04-May-2017 17:24:12
0.00245087968971068,39.3566984000002,16.2279825100001,04-May-2017 17:24:12
0.00387848136950386,39.3567424950495,16.2279757623763,04-May-2017 17:24:12
0.00188540622986787,39.3567860594059,16.2279668514852,04-May-2017 17:24:12
0.00289753251389954,39.3568296000001,16.22795623,04-May-2017 17:24:12
0.00145815418579275,39.3568736000002,16.22794468,04-May-2017 17:24:12
0.00132380416111093,39.3569173333334,16.2279357878788,04-May-2017 17:24:12
0.00293838697521991,39.356961777778,16.2279272020202,04-May-2017 17:24:12
0.00435548266035643,39.3570058400001,16.2279161099999,04-May-2017 17:24:12
0.00163791016823897,39.3570498400002,16.2279046099999,04-May-2017 17:24:12
0.00176467831459574,39.3570934705882,16.227896,04-May-2017 17:24:12
0.00356642977379011,39.3571371862745,16.2278878333334,04-May-2017 17:24:12
0.00330805929685107,39.3571805353536,16.2278746868687,04-May-2017 17:24:12
0.00243135575842186,39.3572232929295,16.2278602626264,04-May-2017 17:24:12
0.000715363626090646,39.3572669000001,16.22785062,04-May-2017 17:24:12
0.00339175992526244,39.3573110000003,16.2278417999999,04-May-2017 17:24:12
0.00249381205055913,39.3573548,16.2278304000001,04-May-2017 17:24:12
0.00238844410743712,39.3573983000001,16.2278184000001,04-May-2017 17:24:12
0.00292898074357058,39.35744093,16.22780391,04-May-2017 17:24:12
0.00247291933708219,39.3574835600001,16.2277887199999,04-May-2017 17:24:12
0.000209250545810357,39.3575255959596,16.2277695454546,04-May-2017 17:24:12
0.00396947721477956,39.3575674141415,16.2277490909092,04-May-2017 17:24:12
0.0039508199203242,39.357607,16.2277245,04-May-2017 17:24:12
0.00735621911963828,39.3576456399999,16.2276959799999,04-May-2017 17:24:12
0.00260424197372656,39.3576834117646,16.2276662647059,04-May-2017 17:24:12
0.00243413187199448,39.3577201176468,16.2276341470587,04-May-2017 17:24:12
0.00389385057967892,39.3577548712871,16.2275987623762,04-May-2017 17:24:13
0.0016612047265523,39.3577870495049,16.2275581683167,04-May-2017 17:24:13
0.00254620196993063,39.357821010101,16.2275212929293,04-May-2017 17:24:13
0.00266891965701482,39.3578586161617,16.2274898686868,04-May-2017 17:24:13
0.00357450608825389,39.3578968080809,16.2274601818182,04-May-2017 17:24:13
0.00286532421909729,39.3579362424245,16.2274324545455,04-May-2017 17:24:13
0.00426666135104671,39.3579795454547,16.2274228787878,04-May-2017 17:24:13
0.00213911027837084,39.35802404,16.22741912,04-May-2017 17:24:13
0.00493102589978866,39.3580681999999,16.2274196000001,04-May-2017 17:24:13
0.00157680161557976,39.3581128415841,16.2274217425742,04-May-2017 17:24:13
0.00616925297488812,39.3581570396037,16.2274315643564,04-May-2017 17:24:13
0.00799954411658579,39.3581981699999,16.2274505,04-May-2017 17:24:13
0.00183209587778866,39.3582375899997,16.2274774999999,04-May-2017 17:24:13
0.00147425788313386,39.358277,16.2275049,04-May-2017 17:24:13
0.00170413951480658,39.3583166666666,16.2275316666667,04-May-2017 17:24:13
0.00332850062144329,39.3583578787876,16.2275543333333,04-May-2017 17:24:13
0.00115121556305404,39.3583990909086,16.2275769999999,04-May-2017 17:24:13
0.00197156028881236,39.3584407843137,16.227593245098,04-May-2017 17:24:13
0.00755958980975561,39.3584849019609,16.2275901568628,04-May-2017 17:24:13
0.00107179698028925,39.358529019608,16.2275870686275,04-May-2017 17:24:13
0.00147043053971289,39.3585732000001,16.2275972600001,04-May-2017 17:24:13
0.00435834933315688,39.3586175,16.2276062,04-May-2017 17:24:13
0.00584706821721388,39.3586617499999,16.2276073800001,04-May-2017 17:24:13
0.00723700287687196,39.3587062121212,16.2276055757576,04-May-2017 17:24:13
0.000711109498342329,39.3587507575757,16.2276004848485,04-May-2017 17:24:13
0.00299967439190133,39.3587954,16.22759546,04-May-2017 17:24:13
0.00433518278579465,39.3588395000002,16.22759105,04-May-2017 17:24:13
0.000785414272765992,39.3588834117647,16.227585627451,04-May-2017 17:24:13
0.00802987788240333,39.3589260588236,16.2275684705882,04-May-2017 17:24:13
0.00191819521955475,39.3589681919192,16.2275517373737,04-May-2017 17:24:13
0.00573263801286717,39.3590122929292,16.227542020202,04-May-2017 17:24:13
0.0179036542110509,39.3590563939392,16.2275323030303,04-May-2017 17:24:13
0.0174661286129628,39.35910064,16.2275243,04-May-2017 17:24:13
0.0031096310873663,39.3591447999999,16.2275194999999,04-May-2017 17:24:13
0.00418040261393501,39.3591885151515,16.2275185454545,04-May-2017 17:24:13
0.00266371303698307,39.3592326565656,16.2275283030303,04-May-2017 17:24:13
0.00812483420963106,39.35927675,16.22753855,04-May-2017 17:24:13
0.0050315423048338,39.3593195,16.2275525,04-May-2017 17:24:13
0.00811041650686483,39.35936225,16.2275664500001,04-May-2017 17:24:13
0.0044651545368744,39.3594043267326,16.2275832178218,04-May-2017 17:24:13
0.00288765646680003,39.3594468019801,16.2276005346535,04-May-2017 17:24:13
0.00607680989617858,39.3594892772276,16.2276178514852,04-May-2017 17:24:13
0.00381320141988753,39.359524878788,16.2276517070707,04-May-2017 17:24:13
0.00206576423933335,39.3595590303033,16.2276893232322,04-May-2017 17:24:13
0.00212127777383831,39.3595970799999,16.2277192600001,04-May-2017 17:24:13
0.00212896372499676,39.3596362999997,16.2277473500001,04-May-2017 17:24:13
0.00189080575448367,39.3596756161616,16.2277734545454,04-May-2017 17:24:13
0.00300072338540008,39.3597153737374,16.2277996363635,04-May-2017 17:24:13
0.00277875157627284,39.3597551089109,16.2278261980197,04-May-2017 17:24:13
0.00288635880201175,39.3597943168316,16.2278524851484,04-May-2017 17:24:13
0.00278493944487768,39.3598343960396,16.2278788019802,04-May-2017 17:24:13
0.00107410520476364,39.3598744752475,16.2279047623763,04-May-2017 17:24:13
0.00357174670904814,39.3599132727273,16.2279318787879,04-May-2017 17:24:13
0.00350417729925319,39.3599510909091,16.2279612929294,04-May-2017 17:24:13
0.0037468470649498,39.3599913861386,16.2279855049505,04-May-2017 17:24:13
0.0054000911227226,39.3600332673267,16.2280041188118,04-May-2017 17:24:13
0.00364027109554002,39.3600757959184,16.2280187551021,04-May-2017 17:24:13
0.00290815308604821,39.3601196734696,16.2280264081634,04-May-2017 17:24:13
0.00547822186668618,39.3601641782179,16.2280280594059,04-May-2017 17:24:13
0.00192249077163787,39.3602086138617,16.228020871287,04-May-2017 17:24:13
0.00106970150519261,39.3602499405942,16.228000940594,04-May-2017 17:24:13
0.00259448078394187,39.3602913131313,16.2279793434344,04-May-2017 17:24:13
0.00315798730492563,39.3603330303028,16.2279584848486,04-May-2017 17:24:13
0.00805691268963405,39.3603601818182,16.2279181818181,04-May-2017 17:24:13
0.0114816957049835,39.3603800990099,16.2278672673267,04-May-2017 17:24:13
0.00524654118753717,39.3604117029704,16.2278271980198,04-May-2017 17:24:13
0.00309417566485675,39.36044056,16.22778384,04-May-2017 17:24:13
0.00333778613668885,39.3604656400001,16.2277359600001,04-May-2017 17:24:13
0.00243244391208604,39.3604832929292,16.2276832323232,04-May-2017 17:24:13
0.00441961074263428,39.3604973762376,16.2276283960396,04-May-2017 17:24:13
0.00364754069295808,39.3605252178217,16.2275837029704,04-May-2017 17:24:13
0.00614936271403944,39.36055474,16.22754027,04-May-2017 17:24:13
0.00351202473532496,39.36058708,16.22750116,04-May-2017 17:24:13
0.00451465479502374,39.3606255100002,16.2274712699999,04-May-2017 17:24:13
0.00433672192903057,39.3606636500001,16.22744151,04-May-2017 17:24:13
0.00109574075971097,39.36070137,16.22741089,04-May-2017 17:24:13
0.00508019262594801,39.3607371399998,16.22737658,04-May-2017 17:24:13
0.00165501529225671,39.3607742399999,16.2273448,04-May-2017 17:24:13
0.00373553354701368,39.3608119999999,16.2273141999999,04-May-2017 17:24:13
0.00383030848305571,39.3608491683168,16.2272818316832,04-May-2017 17:24:13
0.00238462012372295,39.3608864200001,16.22725079,04-May-2017 17:24:13
0.00219359380491055,39.36092782,16.22722873,04-May-2017 17:24:13
0.00295152306936175,39.36096736,16.22720204,04-May-2017 17:24:13
0.00186339947085863,39.3610073599999,16.22717612,04-May-2017 17:24:13
0.00208917434203788,39.3610510204081,16.2271639285714,04-May-2017 17:24:13
0.000882474668675443,39.3610852000002,16.2271265199999,04-May-2017 17:24:13
0.00452659207559725,39.3611206930693,16.2270913069307,04-May-2017 17:24:13
0.00145915315076927,39.3611576326532,16.2270587755103,04-May-2017 17:24:13
0.0076837006636584,39.3611973199999,16.227032,04-May-2017 17:24:13
0.00320094707122991,39.3612366435644,16.2270041584158,04-May-2017 17:24:13
0.00401796898814592,39.3612784999999,16.22698463,04-May-2017 17:24:13
0.00725799782159458,39.3613220099999,16.2269706500001,04-May-2017 17:24:13
0.00200219836670457,39.3613658118812,16.2269588613861,04-May-2017 17:24:13
0.000570394333842084,39.3614095,16.2269479183674,04-May-2017 17:24:13
0.00115332391798105,39.3614519207921,16.2269313663367,04-May-2017 17:24:13
0.000465310324847888,39.3614901782178,16.2269014257427,04-May-2017 17:24:13
0.00428987469638461,39.3615132800001,16.2268521200001,04-May-2017 17:24:13
0.00361617445349166,39.3615269000001,16.2267976699999,04-May-2017 17:24:13
0.0025913562337359,39.3615242999999,16.22674067,04-May-2017 17:24:13
0.0030176250177669,39.36152,16.2266831616161,04-May-2017 17:24:13
0.000865345942558771,39.361514117647,16.2266262352941,04-May-2017 17:24:14
0.00161594171277118,39.3614933333332,16.2265766666666,04-May-2017 17:24:14
0.00131708108285473,39.3614538000003,16.2265581999999,04-May-2017 17:24:14
0.00127898777819426,39.3614528400002,16.22660374,04-May-2017 17:24:14
0.00340235414070787,39.3614644499999,16.22665921,04-May-2017 17:24:14
0.00190832717942821,39.36148,16.2267132,04-May-2017 17:24:14
0.000605765829000401,39.3614818500002,16.2267566999999,04-May-2017 17:24:14
0.000807732082197877,39.361485,16.226753,04-May-2017 17:24:14
